City_ID,City,Country,Date,Lat,Lng,Max Temp,Humidity,Cloudiness,Wind Speed
0,Thompson,CA,2021-10-12 04:57:25,55.7435,-97.8558,46.56,100,90,2.3
1,Zhigalovo,RU,2021-10-12 04:58:29,54.8097,105.1578,43.41,63,100,3.85
2,Aykhal,RU,2021-10-12 04:58:30,66.0,111.5,14.76,90,100,22.41
3,Nemuro,JP,2021-10-12 04:58:30,43.3236,145.575,63.03,55,7,2.84
4,Punta Arenas,CL,2021-10-12 04:55:05,-53.15,-70.9167,44.71,76,0,13.8
5,Tasiilaq,GL,2021-10-12 04:58:30,65.6145,-37.6368,26.47,66,37,3.33
6,Lazaro Cardenas,MX,2021-10-12 04:54:51,17.9583,-102.2,78.01,86,71,4.27
7,Longyearbyen,SJ,2021-10-12 04:58:31,78.2186,15.6401,30.04,69,40,14.97
8,Clemencia,CO,2021-10-12 04:58:31,10.5665,-75.325,80.19,84,99,4.21
9,Sangar,RU,2021-10-12 04:58:31,63.9242,127.4739,24.6,83,100,9.95
10,Mar Del Plata,AR,2021-10-12 04:58:32,-38.0023,-57.5575,59.09,64,10,1.01
11,Ancud,CL,2021-10-12 04:58:32,-41.8697,-73.8203,47.43,92,100,2.35
12,Fortuna,US,2021-10-12 04:58:32,40.5982,-124.1573,50.67,64,34,1.01
13,Namibe,AO,2021-10-12 04:58:33,-15.1961,12.1522,67.87,92,1,2.62
14,Paengaroa,NZ,2021-10-12 04:58:33,-37.8167,176.4167,59.32,62,14,10.0
15,Vaini,TO,2021-10-12 04:58:33,-21.2,-175.2,75.36,73,20,11.5
16,Bambous Virieux,MU,2021-10-12 04:58:34,-20.3428,57.7575,78.22,88,20,5.75
17,Gigmoto,PH,2021-10-12 04:58:34,13.7796,124.39,79.97,89,100,17.13
18,Zambezi,ZM,2021-10-12 04:58:34,-13.5432,23.1047,71.26,45,20,9.15
19,Jamestown,US,2021-10-12 04:53:14,42.097,-79.2353,61.72,89,75,5.01
20,Kabare,CD,2021-10-12 04:58:35,-2.4683,28.8242,63.75,86,100,4.21
21,Buala,SB,2021-10-12 04:58:35,-8.145,159.5921,82.74,78,56,3.29
22,Hobyo,SO,2021-10-12 04:58:35,5.3505,48.5268,81.45,73,92,18.75
23,Busselton,AU,2021-10-12 04:57:21,-33.65,115.3333,60.04,56,95,13.4
24,Kapaa,US,2021-10-12 04:57:34,22.0752,-159.319,80.58,78,12,5.99
25,Bonavista,CA,2021-10-12 04:58:36,48.6499,-53.1147,43.12,76,67,19.17
26,Mataura,NZ,2021-10-12 04:57:19,-46.1927,168.8643,41.63,95,99,9.82
27,Port Elizabeth,ZA,2021-10-12 04:58:36,-33.918,25.5701,62.89,59,0,11.5
28,New Norfolk,AU,2021-10-12 04:58:37,-42.7826,147.0587,63.66,31,14,6.38
29,Khatanga,RU,2021-10-12 04:57:20,71.9667,102.5,19.04,96,100,6.42
30,Akdepe,TM,2021-10-12 04:58:37,42.0551,59.3788,51.89,32,42,9.78
31,Hilo,US,2021-10-12 04:57:28,19.7297,-155.09,78.28,95,85,3.2
32,Aksu,CN,2021-10-12 04:58:37,41.1231,80.2644,57.47,23,2,11.01
33,Ushuaia,AR,2021-10-12 04:53:00,-54.8,-68.3,46.06,66,40,10.36
34,Yumen,CN,2021-10-12 04:57:33,40.2833,97.2,53.67,18,78,19.17
35,Rikitea,PF,2021-10-12 04:57:14,-23.1203,-134.9692,74.23,79,99,14.43
36,Nanchang,CN,2021-10-12 04:58:38,28.6833,115.8833,76.14,48,7,20.87
37,Pevek,RU,2021-10-12 04:58:38,69.7008,170.3133,15.69,88,98,3.09
38,Hwange,ZW,2021-10-12 04:58:39,-18.3693,26.5019,67.05,52,0,7.31
39,Hermanus,ZA,2021-10-12 04:57:25,-34.4187,19.2345,57.9,73,98,4.56
40,Beisfjord,NO,2021-10-12 04:58:39,68.3751,17.5988,44.04,99,99,5.91
41,Cuenca,EC,2021-10-12 04:55:56,-2.8833,-78.9833,59.13,88,78,0.0
42,Atuona,PF,2021-10-12 04:58:07,-9.8,-139.0333,78.19,73,10,19.62
43,Lompoc,US,2021-10-12 04:58:40,34.6391,-120.4579,57.56,78,0,5.01
44,Forestville,US,2021-10-12 04:58:40,38.8451,-76.875,67.46,89,90,5.75
45,Bluff,NZ,2021-10-12 04:57:32,-46.6,168.3333,47.05,67,90,26.93
46,Cape Town,ZA,2021-10-12 04:57:01,-33.9258,18.4232,63.09,83,0,13.8
47,Albany,US,2021-10-12 04:56:37,42.6001,-73.9662,57.38,92,91,1.01
48,Marystown,CA,2021-10-12 04:58:41,47.1666,-55.1483,48.85,100,80,4.97
49,Upernavik,GL,2021-10-12 04:58:41,72.7868,-56.1549,34.68,87,100,16.89
50,Merrill,US,2021-10-12 04:58:41,45.1805,-89.6835,58.15,98,90,4.61
51,Portland,US,2021-10-12 04:57:39,45.5234,-122.6762,49.24,83,4,1.99
52,Butaritari,KI,2021-10-12 04:57:27,3.0707,172.7902,81.66,72,80,10.47
53,Lagoa,PT,2021-10-12 04:58:42,39.05,-27.9833,68.52,74,3,8.01
54,Tuktoyaktuk,CA,2021-10-12 04:57:17,69.4541,-133.0374,26.6,100,90,4.61
55,Provideniya,RU,2021-10-12 04:58:42,64.3833,-173.3,32.11,64,90,8.95
56,Port Alfred,ZA,2021-10-12 04:58:43,-33.5906,26.891,67.91,51,78,13.73
57,Mumford,GH,2021-10-12 04:58:43,5.2618,-0.759,76.53,92,24,7.85
58,Ilulissat,GL,2021-10-12 04:58:43,69.2167,-51.1,20.55,80,97,3.96
59,San Policarpo,PH,2021-10-12 04:58:43,12.1791,125.5072,83.52,82,87,13.8
60,Guerrero Negro,MX,2021-10-12 04:57:35,27.9769,-114.0611,67.59,72,1,15.28
61,Dikson,RU,2021-10-12 04:57:36,73.5069,80.5464,31.6,77,100,11.21
62,Salalah,OM,2021-10-12 04:58:44,17.0151,54.0924,80.76,67,92,3.62
63,Toamasina,MG,2021-10-12 04:58:44,-18.1667,49.3833,71.6,88,20,4.61
64,Kungurtug,RU,2021-10-12 04:58:45,50.5994,97.5228,40.64,62,88,4.63
65,Ribeira Grande,PT,2021-10-12 04:58:45,38.5167,-28.7,68.88,78,8,7.78
66,Serenje,ZM,2021-10-12 04:58:45,-13.2325,30.2352,58.19,82,97,12.26
67,Vila Velha,BR,2021-10-12 04:58:42,-20.3297,-40.2925,67.95,94,90,9.22
68,Padang,ID,2021-10-12 04:58:46,-0.9492,100.3543,86.05,65,83,5.21
69,Oranjemund,NA,2021-10-12 04:55:16,-28.55,16.4333,59.04,78,68,4.36
70,Luanshya,ZM,2021-10-12 04:58:46,-13.1367,28.4166,62.37,71,100,8.03
71,Avarua,CK,2021-10-12 04:57:13,-21.2078,-159.775,73.45,100,75,11.5
72,Ucluelet,CA,2021-10-12 04:57:34,48.9329,-125.5528,44.1,87,29,4.12
73,Sur,OM,2021-10-12 04:58:46,22.5667,59.5289,86.36,40,0,3.44
74,Port Lincoln,AU,2021-10-12 04:58:47,-34.7333,135.8667,68.85,43,18,8.19
75,Airai,TL,2021-10-12 04:58:47,-8.9266,125.4092,79.27,43,53,4.07
76,Nanortalik,GL,2021-10-12 04:57:17,60.1432,-45.2371,40.5,57,100,5.88
77,Barrow,US,2021-10-12 04:58:48,71.2906,-156.7887,25.93,91,100,13.27
78,Pak Phanang,TH,2021-10-12 04:58:48,8.3511,100.202,91.42,54,100,13.94
79,Castelo Do Piaui,BR,2021-10-12 04:58:48,-5.3222,-41.5525,76.39,62,80,2.84
80,Zlobin,HR,2021-10-12 04:58:48,45.2924,14.6541,36.7,70,0,4.61
81,Georgetown,MY,2021-10-12 04:56:58,5.4112,100.3354,91.33,59,20,3.0
82,Bredasdorp,ZA,2021-10-12 04:56:28,-34.5322,20.0403,49.32,93,96,3.44
83,Kaitangata,NZ,2021-10-12 04:57:24,-46.2817,169.8464,44.91,76,100,19.57
84,Bilibino,RU,2021-10-12 04:58:49,68.0546,166.4372,-0.99,97,10,4.03
85,Kahului,US,2021-10-12 04:58:49,20.8947,-156.47,75.97,93,42,13.09
86,Homer,US,2021-10-12 04:58:50,59.6425,-151.5483,43.09,84,100,10.0
87,Vestmannaeyjar,IS,2021-10-12 04:58:50,63.4427,-20.2734,44.92,83,100,14.23
88,Cidreira,BR,2021-10-12 04:58:50,-30.1811,-50.2056,63.07,95,100,17.18
89,Chuy,UY,2021-10-12 04:57:19,-33.6971,-53.4616,60.19,98,100,10.67
90,Vila Franca Do Campo,PT,2021-10-12 04:58:51,37.7167,-25.4333,72.01,89,100,2.62
91,Horodkivka,UA,2021-10-12 04:58:51,49.9068,28.9847,44.89,55,100,4.16
92,Hobart,AU,2021-10-12 04:57:22,-42.8794,147.3294,64.02,50,40,1.01
93,Devonport,AU,2021-10-12 04:58:51,-41.1667,146.35,58.08,57,29,9.95
94,Yellowknife,CA,2021-10-12 04:58:52,62.456,-114.3525,29.28,100,1,0.0
95,San Cristobal,VE,2021-10-12 04:58:52,7.7669,-72.225,69.98,92,71,2.08
96,Onega,RU,2021-10-12 04:58:52,63.9061,38.1404,39.85,90,79,10.78
97,Tete,MZ,2021-10-12 04:58:53,-16.1564,33.5867,69.89,78,75,9.22
98,Castro,BR,2021-10-12 04:57:26,-24.7911,-50.0119,56.7,99,100,2.68
99,Porbandar,IN,2021-10-12 04:58:53,21.6422,69.6093,84.18,79,0,13.8
100,Cockburn Town,TC,2021-10-12 04:58:53,21.4612,-71.1419,83.17,78,91,19.44
101,Nikolskoye,RU,2021-10-12 04:57:36,59.7035,30.7861,37.87,80,41,8.01
102,Harper,LR,2021-10-12 04:58:54,4.375,-7.7169,77.29,89,100,5.23
103,Saskylakh,RU,2021-10-12 04:58:54,71.9167,114.0833,27.09,94,100,11.25
104,Lewistown,US,2021-10-12 04:58:54,40.5992,-77.5714,67.24,92,98,1.97
105,Kandiari,PK,2021-10-12 04:58:55,26.9156,68.5216,91.18,16,0,4.99
106,Saint-Philippe,RE,2021-10-12 04:57:27,-21.3585,55.7679,73.11,85,79,3.69
107,Yulara,AU,2021-10-12 04:54:01,-25.2406,130.9889,82.24,20,0,14.97
108,Isangel,VU,2021-10-12 04:58:55,-19.55,169.2667,82.51,65,40,5.75
109,Oum Hadjer,TD,2021-10-12 04:58:56,13.2954,19.6966,83.52,18,90,9.84
110,Pueblo Rico,CO,2021-10-12 04:58:56,5.2383,-76.0364,67.48,99,100,1.77
111,Chalmette,US,2021-10-12 04:58:56,29.9427,-89.9634,79.0,81,0,1.99
112,Sembabule,UG,2021-10-12 04:58:57,-0.0772,31.4567,65.43,84,100,4.45
113,Comodoro Rivadavia,AR,2021-10-12 04:55:26,-45.8667,-67.5,57.06,38,0,6.91
114,Hithadhoo,MV,2021-10-12 04:58:57,-0.6,73.0833,82.99,73,99,14.05
115,Talcahuano,CL,2021-10-12 04:58:57,-36.7167,-73.1167,51.48,87,0,5.75
116,Turayf,SA,2021-10-12 04:58:58,31.6725,38.6637,61.05,39,0,4.61
117,Santa Cruz,BO,2021-10-12 04:58:58,-17.8,-63.1667,71.06,88,74,5.75
118,Puerto Ayora,EC,2021-10-12 04:54:45,-0.7393,-90.3518,68.56,90,73,3.0
119,Geraldton,AU,2021-10-12 04:58:58,-28.7667,114.6,68.41,37,34,18.41
120,Kangaatsiaq,GL,2021-10-12 04:58:59,68.3065,-53.4641,31.39,73,100,9.55
121,Qaanaaq,GL,2021-10-12 04:57:14,77.484,-69.3632,30.67,95,100,6.04
122,Sao Filipe,CV,2021-10-12 04:58:59,14.8961,-24.4956,78.6,71,8,9.86
123,Gunjur,GM,2021-10-12 04:58:59,13.2019,-16.7339,78.87,94,20,0.0
124,Westport,US,2021-10-12 04:59:00,41.1415,-73.3579,62.98,93,58,5.01
125,Cherskiy,RU,2021-10-12 04:59:00,68.75,161.3,6.37,94,15,1.97
126,Luderitz,NA,2021-10-12 04:59:00,-26.6481,15.1594,67.28,43,29,10.63
127,Gisborne,NZ,2021-10-12 04:54:33,-38.6533,178.0042,60.94,44,34,12.24
128,Palmer,US,2021-10-12 04:59:01,42.1584,-72.3287,57.63,92,81,1.1
129,Severo-Kurilsk,RU,2021-10-12 04:59:02,50.6789,156.125,44.92,77,80,28.07
130,San Agustin,MX,2021-10-12 04:59:02,20.5333,-103.4667,67.51,85,76,3.71
131,Yaya,RU,2021-10-12 04:59:02,56.206,86.44,33.58,37,81,10.36
132,Makurdi,NG,2021-10-12 04:59:03,7.7411,8.5121,74.82,89,95,3.85
133,Saint George,US,2021-10-12 04:56:58,37.1041,-113.5841,61.63,34,100,3.0
134,Khasan,RU,2021-10-12 04:59:03,42.4308,130.6434,60.8,43,0,4.88
135,Monroe,US,2021-10-12 04:59:03,43.1501,-77.6831,64.99,85,100,7.07
136,Kieta,PG,2021-10-12 04:59:04,-6.2167,155.6333,83.86,65,21,4.41
137,Rocha,UY,2021-10-12 04:59:04,-34.4833,-54.3333,59.54,99,100,7.34
138,Cabo San Lucas,MX,2021-10-12 04:54:29,22.8909,-109.9124,84.51,73,14,3.58
139,Molln,DE,2021-10-12 04:59:05,53.6333,10.6833,48.0,94,40,6.91
140,Tuatapere,NZ,2021-10-12 04:59:05,-46.1333,167.6833,44.64,85,92,13.91
141,Pudozh,RU,2021-10-12 04:59:05,61.8099,36.5345,39.56,80,65,8.23
142,Lebu,CL,2021-10-12 04:57:22,-37.6167,-73.65,50.2,92,18,11.92
143,Gat,IL,2021-10-12 04:59:05,31.61,34.7642,79.39,60,94,4.05
144,Banda Aceh,ID,2021-10-12 04:59:06,5.5577,95.3222,86.5,62,91,16.84
145,College,US,2021-10-12 04:59:06,64.8569,-147.8028,32.0,77,89,4.9
146,Kawalu,ID,2021-10-12 04:59:06,-7.3817,108.2082,87.08,48,39,7.72
147,Ulladulla,AU,2021-10-12 04:59:07,-35.35,150.4667,59.09,60,95,8.16
148,Ayan,RU,2021-10-12 04:59:07,56.45,138.1667,48.4,54,40,7.54
149,Huarmey,PE,2021-10-12 04:59:08,-10.0681,-78.1522,63.54,89,62,9.15
150,Wonthaggi,AU,2021-10-12 04:59:08,-38.6044,145.5913,69.06,55,4,12.37
151,Talnakh,RU,2021-10-12 04:59:08,69.4865,88.3972,20.64,96,98,3.47
152,Bathsheba,BB,2021-10-12 04:59:08,13.2167,-59.5167,79.41,89,40,5.75
153,Cayenne,GF,2021-10-12 04:58:44,4.9333,-52.3333,78.1,89,22,0.0
154,San Patricio,US,2021-10-12 04:59:09,28.017,-97.5169,84.06,77,56,8.25
155,Havre,FR,2021-10-12 04:59:09,49.5833,0.3333,45.0,86,47,4.52
156,Taltal,CL,2021-10-12 04:59:10,-25.4,-70.4833,56.89,86,34,4.16
157,Marau,BR,2021-10-12 04:59:10,-28.4492,-52.2,58.89,96,98,6.71
158,Flin Flon,CA,2021-10-12 04:59:10,54.7682,-101.865,39.92,88,76,12.1
159,Kavieng,PG,2021-10-12 04:59:11,-2.5744,150.7967,84.85,70,11,8.46
160,Myitkyina,MM,2021-10-12 04:59:11,25.3833,97.4,94.33,50,38,1.61
161,Ponta Do Sol,PT,2021-10-12 04:57:31,32.6667,-17.1,70.43,68,25,3.11
162,Bethel,US,2021-10-12 04:59:11,41.3712,-73.414,60.93,92,75,0.0
163,Keetmanshoop,NA,2021-10-12 04:59:12,-26.5833,18.1333,69.96,28,40,10.4
164,Carballo,ES,2021-10-12 04:59:12,43.213,-8.691,54.82,73,2,3.78
165,Liling,CN,2021-10-12 04:59:12,27.6667,113.5,72.01,53,64,8.39
166,Ridgecrest,US,2021-10-12 04:59:13,35.6225,-117.6709,54.3,24,88,1.01
167,Margate,GB,2021-10-12 04:59:13,51.3813,1.3862,51.69,84,99,7.0
168,Mahajanga,MG,2021-10-12 04:59:14,-15.7167,46.3167,77.02,57,20,11.5
169,Quatre Cocos,MU,2021-10-12 04:59:14,-20.2078,57.7625,78.1,73,81,7.72
170,Longonjo,AO,2021-10-12 04:59:14,-12.9067,15.2533,62.76,82,38,0.43
171,Zunyi,CN,2021-10-12 04:59:14,27.6867,106.9072,60.94,74,100,4.52
172,Tual,ID,2021-10-12 04:59:15,-5.6667,132.75,83.52,71,48,6.42
173,Kupang,ID,2021-10-12 04:59:15,-10.1667,123.5833,87.93,54,88,13.49
174,Esperance,AU,2021-10-12 04:59:15,-33.8667,121.9,55.24,57,77,26.82
175,Auki,SB,2021-10-12 04:57:26,-8.7676,160.7034,82.13,77,68,2.48
176,Saryg-Sep,RU,2021-10-12 04:59:16,51.5,95.6,36.66,98,100,2.13
177,Valparaiso,CL,2021-10-12 04:59:16,-33.0393,-71.6273,56.84,82,90,4.61
178,Yinchuan,CN,2021-10-12 04:59:16,38.4681,106.2731,51.6,67,100,0.83
179,Vanimo,PG,2021-10-12 04:59:17,-2.6741,141.3028,86.7,68,37,7.07
180,Aswan,EG,2021-10-12 04:59:17,24.0934,32.907,85.3,21,0,4.61
181,Te Anau,NZ,2021-10-12 04:59:17,-45.4167,167.7167,42.6,83,84,5.79
182,Westwood,US,2021-10-12 04:59:17,42.214,-71.2245,59.2,95,11,1.01
183,Neiafu,TO,2021-10-12 04:59:18,-18.65,-173.9833,77.68,57,20,9.22
184,Opuwo,NA,2021-10-12 04:59:18,-18.0607,13.84,71.38,22,0,7.31
185,Uttaradit,TH,2021-10-12 04:59:18,17.6667,100.5,84.69,79,90,4.0
186,Rapid Valley,US,2021-10-12 04:59:19,44.0625,-103.1463,49.37,63,100,1.01
187,Zhigansk,RU,2021-10-12 04:57:35,66.7697,123.3711,24.21,84,100,11.39
188,Megion,RU,2021-10-12 04:59:19,61.0296,76.1136,30.22,54,75,8.25
189,Iqaluit,CA,2021-10-12 04:57:35,63.7506,-68.5145,31.73,100,90,10.0
190,Sydney Mines,CA,2021-10-12 04:59:19,46.2367,-60.2177,53.11,93,1,1.01
191,Kodiak,US,2021-10-12 04:59:20,57.79,-152.4072,40.08,93,100,16.02
192,Victoria,HK,2021-10-12 04:59:20,22.2855,114.1577,81.25,67,100,3.0
193,Tiksi,RU,2021-10-12 04:57:29,71.6872,128.8694,27.3,96,100,6.2
194,Bengkulu,ID,2021-10-12 04:59:20,-3.8004,102.2655,83.86,68,59,5.41
195,Skibbereen,IE,2021-10-12 04:59:21,51.55,-9.2667,48.0,88,53,3.87
196,Husavik,IS,2021-10-12 04:59:21,66.0449,-17.3389,26.51,72,3,10.92
197,Slave Lake,CA,2021-10-12 04:59:21,55.2834,-114.769,30.18,93,1,2.3
198,Uruzgan,AF,2021-10-12 04:59:22,32.8333,66.0,60.76,7,0,0.83
199,Tacoronte,ES,2021-10-12 04:59:22,28.4769,-16.4102,68.18,76,75,11.01
200,Coquimbo,CL,2021-10-12 04:59:22,-29.9533,-71.3436,55.13,94,90,5.75
201,Arecibo,PR,2021-10-12 04:59:23,18.4724,-66.7157,80.58,96,80,4.61
202,Klaksvik,FO,2021-10-12 04:59:23,62.2266,-6.589,36.52,62,98,5.26
203,Maple Grove,US,2021-10-12 04:54:33,45.0725,-93.4558,61.2,85,75,4.61
204,Vestmanna,FO,2021-10-12 04:59:23,62.1564,-7.1664,34.72,100,90,0.0
205,Beloha,MG,2021-10-12 04:59:24,-25.1667,45.05,70.11,52,1,16.22
206,Torbay,CA,2021-10-12 04:57:15,47.6666,-52.7314,43.75,93,40,6.91
207,Kloulklubed,PW,2021-10-12 04:59:24,7.0419,134.2556,84.25,77,96,8.03
208,Bambanglipuro,ID,2021-10-12 04:59:24,-7.95,110.2833,84.72,56,30,14.18
209,Hazorasp,UZ,2021-10-12 04:59:25,41.3194,61.0742,51.64,30,15,11.25
210,Iranshahr,IR,2021-10-12 04:59:25,27.2025,60.6848,71.94,12,0,0.0
211,Puyang,CN,2021-10-12 04:59:25,29.4603,119.8861,65.61,83,99,8.79
212,East London,ZA,2021-10-12 04:57:20,-33.0153,27.9116,67.14,52,0,10.36
213,Penha,BR,2021-10-12 04:59:26,-26.7694,-48.6458,67.06,98,100,5.19
214,Jian,CN,2021-10-12 04:59:26,27.1172,114.9793,72.75,57,94,16.24
215,Quimper,FR,2021-10-12 04:59:26,48.0,-4.1,49.03,100,0,2.3
216,Maceio,BR,2021-10-12 04:59:27,-9.6658,-35.7353,74.64,94,20,2.3
217,Mahebourg,MU,2021-10-12 04:59:27,-20.4081,57.7,78.26,88,20,5.75
218,Paamiut,GL,2021-10-12 04:57:30,61.994,-49.6678,37.54,84,16,2.37
219,Khani,GE,2021-10-12 04:59:27,41.9563,42.9566,53.17,57,50,4.63
220,Camacha,PT,2021-10-12 04:57:20,33.0833,-16.3333,66.96,77,40,3.44
221,Calbuco,CL,2021-10-12 04:59:28,-41.768,-73.1273,45.61,91,100,7.45
222,Tautira,PF,2021-10-12 04:59:28,-17.7333,-149.15,80.62,80,43,17.63
223,Srednekolymsk,RU,2021-10-12 04:59:28,67.45,153.6833,19.54,81,93,5.08
224,Marquette,US,2021-10-12 04:59:29,46.5333,-87.6335,59.36,93,100,7.02
225,Norman Wells,CA,2021-10-12 04:59:29,65.282,-126.8329,30.24,80,20,5.75
226,Aloleng,PH,2021-10-12 04:59:29,16.1307,119.7824,80.04,88,100,35.32
227,Pisco,PE,2021-10-12 04:59:29,-13.7,-76.2167,60.85,88,73,9.22
228,Phichit,TH,2021-10-12 04:59:30,16.25,100.4167,87.94,82,99,1.45
229,Bibiani,GH,2021-10-12 04:59:30,6.4635,-2.3194,70.81,100,65,1.32
230,Half Moon Bay,US,2021-10-12 04:59:30,37.4636,-122.4286,63.25,46,1,8.05
231,Mount Isa,AU,2021-10-12 04:59:31,-20.7333,139.5,89.37,37,40,8.05
232,Yarmouth,US,2021-10-12 04:59:31,41.7057,-70.2286,61.65,95,23,5.46
233,Sakakah,SA,2021-10-12 04:59:31,29.9697,40.2064,76.57,16,92,1.01
234,Daru,PG,2021-10-12 04:59:32,-9.0763,143.2092,83.75,73,43,10.96
235,North Myrtle Beach,US,2021-10-12 04:59:32,33.816,-78.68,69.39,92,100,6.31
236,Santarem,BR,2021-10-12 04:59:32,-2.4431,-54.7083,78.93,94,0,2.3
237,Alto Araguaia,BR,2021-10-12 04:59:32,-17.3147,-53.2153,69.48,93,68,2.06
238,Souillac,MU,2021-10-12 04:59:33,-20.5167,57.5167,78.37,88,20,5.75
239,Altay,CN,2021-10-12 04:59:33,47.8667,88.1167,41.16,63,94,2.8
240,Acapulco,MX,2021-10-12 04:56:14,16.8634,-99.8901,80.2,85,14,8.21
241,Port Blair,IN,2021-10-12 04:59:33,11.6667,92.75,84.0,76,99,16.13
242,Chokurdakh,RU,2021-10-12 04:57:13,70.6333,147.9167,18.79,86,100,6.24
243,Jardim,BR,2021-10-12 04:59:34,-21.4803,-56.1381,68.34,87,9,1.21
244,Deer Lake,CA,2021-10-12 04:59:34,49.1667,-57.4316,53.46,87,90,8.05
245,Amga,RU,2021-10-12 04:59:35,60.8953,131.9608,31.05,70,78,12.88
246,Komatipoort,ZA,2021-10-12 04:59:35,-25.4332,31.9548,63.99,56,2,7.65
247,Talikota,IN,2021-10-12 04:59:35,16.4833,76.3167,81.54,52,90,4.61
248,Hokitika,NZ,2021-10-12 04:59:36,-42.7167,170.9667,52.23,70,51,6.62
249,Erenhot,CN,2021-10-12 04:59:36,43.6475,111.9767,57.11,18,23,11.16
250,Akyab,MM,2021-10-12 04:59:36,20.15,92.9,84.58,78,100,8.23
251,Hasaki,JP,2021-10-12 04:59:36,35.7333,140.8333,70.2,87,100,24.54
252,Khvoynaya,RU,2021-10-12 04:59:37,58.9,34.5333,38.46,82,100,6.73
253,Yerbogachen,RU,2021-10-12 04:59:37,61.2767,108.0108,28.36,50,7,11.79
254,Natal,BR,2021-10-12 04:59:37,-5.795,-35.2094,77.65,88,20,5.75
255,Sampit,ID,2021-10-12 04:59:38,-2.5333,112.95,92.48,45,73,5.95
256,Inongo,CD,2021-10-12 04:59:38,-1.95,18.2667,70.88,95,100,2.17
257,Xichang,CN,2021-10-12 04:59:38,27.8964,102.2634,75.2,63,45,2.24
258,Chifeng,CN,2021-10-12 04:59:39,42.2683,118.9636,60.75,23,0,4.99
259,Bousso,TD,2021-10-12 04:59:39,10.4795,16.7117,74.52,81,89,5.82
260,Toora-Khem,RU,2021-10-12 04:59:39,52.4675,96.11,40.69,77,100,1.9
261,Bagdarin,RU,2021-10-12 04:59:40,54.4333,113.6,44.04,53,100,0.65
262,Merauke,ID,2021-10-12 04:55:07,-8.4667,140.3333,83.98,70,12,14.74
263,Sorata,BO,2021-10-12 04:59:40,-15.7667,-68.6333,47.97,89,100,1.92
264,Mahanje,TZ,2021-10-12 04:59:40,-9.9333,35.3333,71.24,51,99,3.78
265,Coihaique,CL,2021-10-12 04:59:41,-45.5752,-72.0662,39.15,81,0,0.0
266,Bosaso,SO,2021-10-12 04:59:41,11.2842,49.1816,84.18,70,40,11.5
267,Ivanivka,UA,2021-10-12 04:59:41,46.7208,34.553,50.38,75,84,4.38
268,Skarnes,NO,2021-10-12 04:59:42,60.2528,11.6797,37.76,88,11,3.69
269,Denpasar,ID,2021-10-12 04:59:42,-8.65,115.2167,85.66,66,20,12.66
270,Richards Bay,ZA,2021-10-12 04:57:15,-28.783,32.0377,62.78,68,12,12.82
271,Faanui,PF,2021-10-12 04:59:42,-16.4833,-151.75,80.19,78,23,18.3
272,Port Macquarie,AU,2021-10-12 04:59:34,-31.4333,152.9167,62.56,94,75,6.91
273,Ludlow,US,2021-10-12 04:59:43,42.1601,-72.4759,58.08,95,90,0.0
274,Unity,CA,2021-10-12 04:59:43,52.4501,-109.1682,29.25,92,15,3.67
275,Waipawa,NZ,2021-10-12 04:59:43,-41.4122,175.5153,50.45,62,89,17.11
276,Petrozavodsk,RU,2021-10-12 04:58:02,61.7849,34.3469,38.66,75,71,6.71
277,Namatanai,PG,2021-10-12 04:59:44,-3.6667,152.4333,83.93,69,21,7.27
278,Alofi,NU,2021-10-12 04:57:16,-19.0595,-169.9187,75.09,73,86,10.36
279,Batemans Bay,AU,2021-10-12 04:59:44,-35.7167,150.1833,61.11,74,100,3.8
280,Oussouye,SN,2021-10-12 04:59:44,12.485,-16.5469,77.09,84,99,0.72
281,Northam,GB,2021-10-12 04:59:45,51.0333,-4.2167,55.62,89,61,6.42
282,Chapais,CA,2021-10-12 04:59:45,49.7834,-74.8492,58.78,95,100,8.52
283,Poum,NC,2021-10-12 04:59:45,-20.2333,164.0167,72.25,88,100,10.58
284,Santa Maria Da Boa Vista,BR,2021-10-12 04:59:45,-8.8078,-39.8256,77.7,65,9,12.17
285,Presidencia Roque Saenz Pena,AR,2021-10-12 04:59:46,-26.7852,-60.4388,64.62,66,3,3.74
286,Kununurra,AU,2021-10-12 04:59:13,-15.7667,128.7333,100.38,28,50,4.61
287,Koumac,NC,2021-10-12 04:59:46,-20.5667,164.2833,70.3,90,100,3.96
288,Alihe,CN,2021-10-12 04:59:47,50.5667,123.7167,56.41,42,20,8.63
289,San Quintin,MX,2021-10-12 04:59:47,30.4833,-115.95,63.95,63,25,18.12
290,Asau,RO,2021-10-12 04:59:47,46.4333,26.4,47.75,77,100,1.34
291,Biloela,AU,2021-10-12 04:59:47,-24.4167,150.5,87.49,27,68,12.12
292,Ocos,GT,2021-10-12 04:59:48,14.5094,-92.1933,83.32,84,72,4.72
293,Nador,MA,2021-10-12 04:59:48,35.174,-2.9287,68.25,77,75,6.91
294,Shimanovsk,RU,2021-10-12 04:59:48,52.0,127.7,54.84,53,89,11.99
295,Carnarvon,AU,2021-10-12 04:59:49,-24.8667,113.6333,75.27,22,0,17.27
296,Pavullo Nel Frignano,IT,2021-10-12 04:59:49,44.3315,10.835,45.3,65,99,4.14
297,Naze,JP,2021-10-12 04:59:50,28.3667,129.4833,77.92,86,100,16.55
298,Dingle,PH,2021-10-12 04:59:50,10.9995,122.6711,79.56,87,100,19.53
299,Zaysan,KZ,2021-10-12 04:59:50,47.4667,84.8667,48.54,48,92,1.32
300,Matay,EG,2021-10-12 04:59:51,28.419,30.7792,72.72,64,17,11.9
301,Kyra,RU,2021-10-12 04:59:51,49.5776,111.9753,49.71,34,86,10.94
302,Teguise,ES,2021-10-12 04:59:51,29.0605,-13.564,62.82,72,0,4.61
303,Constitucion,CL,2021-10-12 04:59:51,-35.3333,-72.4167,52.12,87,63,6.15
304,Anloga,GH,2021-10-12 04:59:52,5.7947,0.8973,73.62,85,23,11.32
305,Najran,SA,2021-10-12 04:59:52,17.4924,44.1277,66.85,18,57,5.73
306,Jeremie,HT,2021-10-12 04:59:52,18.65,-74.1167,79.99,82,24,0.56
307,Sumbe,AO,2021-10-12 04:59:53,-11.2061,13.8437,72.16,87,63,0.49
308,Diban,SY,2021-10-12 04:59:53,35.0365,40.5167,78.67,18,55,2.44
309,Pishin,PK,2021-10-12 04:59:53,30.5803,66.9961,62.51,10,0,1.83
310,Werota,ET,2021-10-12 04:59:54,11.9167,37.7,65.53,78,49,4.65
311,Sept-Iles,CA,2021-10-12 04:59:54,50.2001,-66.3821,53.06,95,90,0.0
312,Urumqi,CN,2021-10-12 04:59:54,43.801,87.6005,49.15,50,0,4.47
313,Ibra,OM,2021-10-12 04:59:55,22.6906,58.5334,87.01,28,0,0.67
314,Baculin,PH,2021-10-12 04:59:55,7.4525,126.5842,85.68,73,95,10.67
315,Gallup,US,2021-10-12 04:59:55,35.5281,-108.7426,47.01,42,0,13.82
316,Yenagoa,NG,2021-10-12 04:59:56,4.9247,6.2642,75.76,95,82,3.56
317,Kargasok,RU,2021-10-12 04:59:56,59.0556,80.8572,33.12,52,70,5.35
318,Havre-Saint-Pierre,CA,2021-10-12 04:59:56,50.2334,-63.5986,51.8,100,90,3.44
319,Abha,SA,2021-10-12 04:54:57,18.2164,42.5053,61.05,23,0,0.0
320,San Rafael,AR,2021-10-12 04:59:57,-34.6177,-68.3301,61.57,45,20,0.87
321,Berdigestyakh,RU,2021-10-12 04:59:57,62.0989,126.6992,27.3,51,96,12.44
322,Labuhan,ID,2021-10-12 04:59:57,-6.8844,112.2051,90.03,52,46,8.79
323,Mamallapuram,IN,2021-10-12 04:59:58,12.6264,80.1722,87.85,61,99,8.12
324,Xuddur,SO,2021-10-12 04:59:58,4.1213,43.8894,72.99,79,100,14.9
325,Marsh Harbour,BS,2021-10-12 04:59:58,26.5412,-77.0636,80.76,72,54,9.46
326,Caridad,PH,2021-10-12 04:59:58,10.8315,124.7518,83.57,78,97,14.88
327,Ishigaki,JP,2021-10-12 04:59:59,24.3448,124.1572,82.53,94,75,16.11
328,Maniitsoq,GL,2021-10-12 04:59:59,65.4167,-52.9,36.84,74,94,3.8
329,Bismarck,US,2021-10-12 04:58:02,46.8083,-100.7837,47.88,60,1,5.01
330,Leningradskiy,RU,2021-10-12 04:59:59,69.3833,178.4167,11.05,91,21,6.08
331,Acaponeta,MX,2021-10-12 05:00:00,22.4964,-105.3594,76.55,92,42,2.46
332,Ambilobe,MG,2021-10-12 05:00:01,-13.2,49.05,80.55,61,60,1.81
333,Sainte-Suzanne,RE,2021-10-12 05:00:01,-20.9061,55.6089,73.74,96,90,5.75
334,Veshenskaya,RU,2021-10-12 05:00:02,49.6303,41.7334,49.21,52,80,10.2
335,Riyadh,SA,2021-10-12 05:00:08,24.6877,46.7219,83.8,12,0,4.92
336,Linxia,CN,2021-10-12 04:56:29,35.6003,103.2064,59.85,57,20,5.91
337,Fairbanks,US,2021-10-12 05:00:10,64.8378,-147.7164,32.02,77,86,5.03
338,Ust-Nera,RU,2021-10-12 05:00:11,64.5667,143.2,27.93,83,100,8.21
339,Marsabit,KE,2021-10-12 05:00:13,2.3284,37.9899,64.26,64,100,23.62
340,Eureka,US,2021-10-12 04:55:27,40.8021,-124.1637,50.94,78,5,7.0
341,Sfantu Gheorghe,RO,2021-10-12 05:00:13,45.8667,25.7833,46.27,92,100,0.49
342,Saint-Francois,FR,2021-10-12 04:57:23,46.4154,3.9054,45.48,100,90,2.3
343,Farah,AF,2021-10-12 05:00:18,32.5,62.5,57.09,18,0,3.29
344,Chimoio,MZ,2021-10-12 05:00:19,-19.1164,33.4833,61.41,63,87,5.57
345,Teahupoo,PF,2021-10-12 04:56:31,-17.8333,-149.2667,75.16,80,49,18.5
346,Batagay-Alyta,RU,2021-10-12 05:00:20,67.8006,130.4114,25.3,92,100,2.66
347,Sobolevo,RU,2021-10-12 05:00:21,54.4299,31.8996,38.95,82,98,6.31
348,Nalut,LY,2021-10-12 05:00:21,30.3333,10.85,61.88,54,89,7.94
349,Gold Coast,AU,2021-10-12 05:00:22,-28.0,153.4333,68.18,91,90,1.01
350,Jumla,NP,2021-10-12 05:00:22,29.2747,82.1838,69.53,40,98,4.52
351,Kendari,ID,2021-10-12 05:00:23,-3.945,122.4989,84.06,73,93,5.59
352,Lorengau,PG,2021-10-12 05:00:23,-2.0226,147.2712,85.59,69,37,7.78
353,Sibu,MY,2021-10-12 05:00:24,2.3,111.8167,95.4,42,100,3.89
354,Palana,RU,2021-10-12 05:00:24,59.1167,159.9667,36.18,66,7,3.47
355,Katsuura,JP,2021-10-12 05:00:24,35.1333,140.3,73.18,88,98,19.73
356,Skibotn,NO,2021-10-12 05:00:25,69.3913,20.2679,41.09,98,100,6.69
357,Susanville,US,2021-10-12 05:00:25,40.4163,-120.653,37.81,46,1,5.99
358,Shirokiy,RU,2021-10-12 05:00:25,49.758,129.523,59.56,42,3,11.14
359,Novosysoyevka,RU,2021-10-12 05:00:26,44.235,133.3642,60.53,36,0,2.86
360,Bakchar,RU,2021-10-12 05:00:26,57.0186,82.0711,34.47,47,67,1.25
361,Fernie,CA,2021-10-12 05:00:27,49.5,-115.0687,26.62,78,75,4.12
362,Port Hardy,CA,2021-10-12 05:00:27,50.6996,-127.4199,46.0,84,99,7.99
363,Meulaboh,ID,2021-10-12 05:00:27,4.1363,96.1285,86.0,60,65,3.8
364,Xaxim,BR,2021-10-12 05:00:28,-26.9617,-52.5347,57.25,96,90,2.46
365,Mahibadhoo,MV,2021-10-12 05:00:28,3.7833,72.9667,83.5,76,34,16.02
366,Bodden Town,KY,2021-10-12 04:57:27,19.2833,-81.25,82.99,80,1,1.99
367,Tura,IN,2021-10-12 05:00:29,25.5198,90.2201,88.05,59,51,1.48
368,Maraa,BR,2021-10-12 05:00:29,-1.8333,-65.3667,73.27,97,58,1.77
369,Ambulu,ID,2021-10-12 05:00:29,-8.345,113.6058,87.12,53,99,11.59
370,Muzhi,RU,2021-10-12 05:00:29,65.3667,64.6667,28.02,89,100,6.4
371,Zyryanka,RU,2021-10-12 05:00:30,65.75,150.85,26.06,63,100,2.95
372,Omboue,GA,2021-10-12 05:00:30,-1.5746,9.2618,76.33,91,100,2.35
373,Horta,PT,2021-10-12 05:00:31,38.5333,-28.6333,67.87,79,15,7.4
374,Aklavik,CA,2021-10-12 05:00:31,68.2191,-135.0107,27.37,93,100,7.49
375,Moosomin,CA,2021-10-12 05:00:31,50.1333,-101.6677,40.93,63,77,14.09
376,Lasa,IT,2021-10-12 05:00:32,46.6166,10.7002,39.36,53,87,5.86
377,High Level,CA,2021-10-12 05:00:32,58.5169,-117.136,33.44,86,40,4.97
378,Valreas,FR,2021-10-12 05:00:32,44.3837,4.9908,52.92,85,70,11.88
379,Carai,BR,2021-10-12 05:00:33,-17.1889,-41.6947,63.54,98,100,4.43
380,Vardo,NO,2021-10-12 05:00:33,70.3705,31.1107,43.86,93,100,12.73
381,Tongliao,CN,2021-10-12 05:00:33,43.6125,122.2653,63.91,29,0,5.26
382,Cassilandia,BR,2021-10-12 05:00:34,-19.1133,-51.7342,71.74,86,93,1.99
383,Katangli,RU,2021-10-12 05:00:34,51.7102,143.2326,50.63,48,11,14.58
384,Gamba,GA,2021-10-12 05:00:34,-2.65,10.0,75.07,91,98,0.29
385,Hofn,IS,2021-10-12 04:57:32,64.2539,-15.2082,39.92,57,42,5.86
386,Xining,CN,2021-10-12 05:00:35,36.6167,101.7667,59.58,48,30,6.49
387,Chivay,PE,2021-10-12 05:00:35,-15.6383,-71.6011,49.17,77,100,3.91
388,Suraabad,AZ,2021-10-12 05:00:35,40.8192,49.4687,64.58,68,7,17.43
389,Drovyanaya,RU,2021-10-12 05:00:36,51.5833,113.0333,44.11,44,100,0.83
390,Cap Malheureux,MU,2021-10-12 05:00:36,-19.9842,57.6142,78.48,76,90,5.99
391,Warrington,GB,2021-10-12 05:00:36,53.3925,-2.5802,55.98,87,99,1.01
392,Cap-Aux-Meules,CA,2021-10-12 05:00:37,47.3821,-61.8597,55.78,81,0,11.61
393,Karaton,ID,2021-10-12 05:00:37,-6.3424,106.1045,91.56,44,64,2.73
394,Dunda,TZ,2021-10-12 04:57:31,-8.1167,34.25,70.11,53,97,3.65
395,Xiaoweizhai,CN,2021-10-12 05:00:37,26.1903,107.5125,64.92,69,72,10.13
396,Anuradhapura,LK,2021-10-12 05:00:38,8.3565,80.4173,87.12,57,95,16.69
397,Yuli,NG,2021-10-12 05:00:38,9.6989,10.2744,74.25,82,49,2.33
398,Guanica,PR,2021-10-12 05:00:38,17.9716,-66.908,81.91,86,81,3.0
399,Biltine,TD,2021-10-12 05:00:39,14.5333,20.9167,85.28,21,88,7.11
400,Tiarei,PF,2021-10-12 05:00:39,-17.5333,-149.3333,80.62,80,21,17.92
401,Rawson,AR,2021-10-12 05:00:39,-43.3002,-65.1023,58.06,57,100,10.74
402,Sisimiut,GL,2021-10-12 05:00:39,66.9395,-53.6735,33.01,75,100,4.74
403,Boke,GN,2021-10-12 05:00:40,10.9409,-14.2967,74.55,95,98,2.48
404,Petropavlovsk-Kamchatskiy,RU,2021-10-12 05:00:40,53.0452,158.6483,43.39,93,75,4.47
405,Lethem,GY,2021-10-12 05:00:41,3.3803,-59.7968,78.12,73,97,4.12
406,Chumikan,RU,2021-10-12 05:00:41,54.7183,135.315,50.02,56,99,25.34
407,Temerloh,MY,2021-10-12 05:00:41,3.4483,102.4176,94.69,45,41,3.24
408,Esna,EG,2021-10-12 05:00:42,25.2934,32.554,87.71,21,4,4.56
409,Belmonte,BR,2021-10-12 05:00:42,-15.8631,-38.8828,73.45,91,100,1.52
410,Bara,NG,2021-10-12 05:00:42,10.3744,10.7288,71.89,76,50,3.11
411,Sitka,US,2021-10-12 05:00:43,57.0531,-135.33,41.02,89,100,19.57
412,Flinders,AU,2021-10-12 05:00:43,-34.5833,150.8552,64.2,79,100,4.5
413,Arraial Do Cabo,BR,2021-10-12 04:57:21,-22.9661,-42.0278,66.06,94,75,4.61
414,Gorontalo,ID,2021-10-12 05:00:43,0.5412,123.0595,90.79,57,45,7.63
415,Trairi,BR,2021-10-12 04:55:56,-3.2778,-39.2689,78.57,78,46,11.7
416,Terrace Bay,CA,2021-10-12 05:00:44,48.7834,-87.1,55.35,94,83,0.89
417,Ahipara,NZ,2021-10-12 05:00:44,-35.1667,173.1667,57.56,64,53,14.61
418,Iglesias,IT,2021-10-12 05:00:44,39.3114,8.535,56.75,86,0,2.04
419,Miramar,US,2021-10-12 05:00:45,25.9873,-80.2323,81.0,85,40,0.0
420,Srisailam,IN,2021-10-12 05:00:45,16.0833,78.8667,84.81,47,50,3.44
421,Nyaunglebin,MM,2021-10-12 05:00:45,17.95,96.7333,82.56,84,99,2.71
422,Laguna,US,2021-10-12 05:00:46,38.421,-121.4238,63.05,28,1,5.01
423,Semey,KZ,2021-10-12 05:00:46,50.4111,80.2275,34.02,93,90,15.66
424,Pangnirtung,CA,2021-10-12 05:00:46,66.1451,-65.7125,36.55,72,100,3.74
425,Tessalit,ML,2021-10-12 05:00:47,20.1986,1.0114,80.58,12,35,7.94
426,Alghero,IT,2021-10-12 05:00:47,40.5589,8.3181,59.99,100,0,2.3
427,Linhares,BR,2021-10-12 05:00:47,-19.3911,-40.0722,66.47,96,100,7.25
428,Atar,MR,2021-10-12 04:57:18,20.5169,-13.0499,81.18,22,44,5.59
429,Mareeba,AU,2021-10-12 05:00:48,-17.0,145.4333,92.32,42,97,9.44
430,Minab,IR,2021-10-12 05:00:48,27.1467,57.0801,85.5,8,0,14.05
431,Melfi,IT,2021-10-12 05:00:48,40.9965,15.6514,51.49,79,99,6.49
432,Neuquen,AR,2021-10-12 04:59:32,-38.9516,-68.0591,66.09,63,75,4.61
433,Zhezkazgan,KZ,2021-10-12 05:00:49,47.8043,67.7144,38.52,42,0,4.47
434,Hambantota,LK,2021-10-12 04:57:27,6.1241,81.1185,86.34,74,75,9.22
435,Ullapool,GB,2021-10-12 05:00:49,57.8987,-5.1604,49.35,97,100,1.81
436,Manadhoo,MV,2021-10-12 05:00:49,5.7667,73.3833,82.81,78,96,15.41
437,Nantucket,US,2021-10-12 04:56:34,41.2835,-70.0995,61.14,92,39,10.83
438,Ous,RU,2021-10-12 05:00:50,60.9058,61.5186,34.02,99,100,2.71
439,Komsomolskiy,UZ,2021-10-12 05:00:50,40.4272,71.7189,54.75,43,0,2.3
440,Turukhansk,RU,2021-10-12 05:00:50,65.8167,87.9833,28.06,76,100,6.73
441,Nizhniy Kuranakh,RU,2021-10-12 05:00:51,58.8353,125.4869,31.64,54,71,12.33
442,Osorio,BR,2021-10-12 05:00:51,-29.8867,-50.2697,61.66,98,100,5.61
443,Grootfontein,NA,2021-10-12 05:00:51,-19.5667,18.1167,63.48,44,0,7.72
444,Umm Lajj,SA,2021-10-12 05:00:52,25.0213,37.2685,85.62,57,0,2.39
445,Mikhaylovka,RU,2021-10-12 05:00:52,50.06,43.2379,48.61,46,97,10.16
446,Qasigiannguit,GL,2021-10-12 05:00:52,68.8193,-51.1922,23.25,82,87,3.96
447,Tonstad,NO,2021-10-12 05:00:53,58.6626,6.7169,44.35,92,38,6.22
448,Henties Bay,NA,2021-10-12 05:00:53,-22.116,14.2845,58.33,93,1,5.61
449,Hanmer Springs,NZ,2021-10-12 05:00:53,-42.5167,172.8167,41.92,91,100,4.23
450,Pinega,RU,2021-10-12 05:00:54,64.7001,43.3936,38.77,92,95,8.03
451,Ixtapa,MX,2021-10-12 04:59:45,20.7,-105.2,74.93,95,90,4.52
452,Itigi,TZ,2021-10-12 05:00:54,-5.7,34.4833,68.02,54,71,11.68
453,Denizli,TR,2021-10-12 05:00:54,37.8402,29.0698,66.06,48,2,4.97
454,Paso De Ovejas,MX,2021-10-12 05:00:55,19.2833,-96.4333,80.82,92,40,0.04
455,Zorritos,PE,2021-10-12 05:00:55,-3.6805,-80.6782,70.95,82,36,5.48
456,Ede,NL,2021-10-12 05:00:55,52.0333,5.6583,52.86,92,90,6.91
457,Cortez,US,2021-10-12 05:00:56,37.3489,-108.5859,49.93,44,73,12.46
458,Baruun-Urt,MN,2021-10-12 05:00:56,46.6806,113.2792,54.14,23,16,16.44
459,Korla,CN,2021-10-12 05:00:29,41.7597,86.1469,55.92,24,43,4.9
460,Narsaq,GL,2021-10-12 05:00:56,60.9167,-46.05,35.82,56,92,3.98
461,Dicabisagan,PH,2021-10-12 05:00:57,17.0818,122.4157,85.89,72,100,20.2
462,Vila,PT,2021-10-12 05:00:57,42.0304,-8.1588,52.32,44,85,4.27
463,Bardiyah,LY,2021-10-12 05:00:57,31.7561,25.0865,72.0,55,0,7.74
464,Anbu,CN,2021-10-12 05:00:58,23.449,116.6809,80.73,65,100,16.04
465,Okhotsk,RU,2021-10-12 05:00:58,59.3833,143.3,37.49,65,0,16.89
466,Marfino,RU,2021-10-12 05:00:58,55.7028,37.3822,43.09,79,0,6.71
467,Ambanja,MG,2021-10-12 05:00:59,-13.6833,48.45,79.32,62,55,2.01
468,Ust-Barguzin,RU,2021-10-12 05:00:59,53.45,108.9833,47.25,61,100,6.55
469,Avera,US,2021-10-12 05:00:59,33.194,-82.5271,64.71,89,62,4.99
470,Kyabe,TD,2021-10-12 05:01:00,9.4515,18.9449,72.64,88,100,4.32
471,Rantauprapat,ID,2021-10-12 05:01:00,2.1,99.8333,94.23,43,82,2.39
472,Forli,IT,2021-10-12 05:01:00,44.2236,12.0528,55.44,85,99,4.45
473,Kidal,ML,2021-10-12 05:01:01,18.4411,1.4078,81.3,11,4,8.37
474,Sun Valley,US,2021-10-12 05:01:01,39.5963,-119.776,38.59,50,40,8.01
475,Kokoda,PG,2021-10-12 05:01:02,-8.8785,147.7407,82.65,83,94,0.63
476,Umkomaas,ZA,2021-10-12 05:01:02,-30.2067,30.7978,71.6,54,62,8.81
477,Santa Marta,CO,2021-10-12 05:00:24,11.2408,-74.199,78.35,83,100,7.07
478,Fecamp,FR,2021-10-12 05:01:03,49.7579,0.3746,54.48,80,73,9.62
479,Koshki,RU,2021-10-12 05:01:04,54.2091,50.4677,46.33,59,100,5.32
480,Calama,CL,2021-10-12 05:01:04,-22.4667,-68.9333,51.44,33,0,1.45
481,Saurimo,AO,2021-10-12 05:01:04,-9.6608,20.3916,66.96,78,96,2.64
482,Bitam,GA,2021-10-12 05:01:05,2.076,11.5007,67.44,100,99,2.37
483,Sibolga,ID,2021-10-12 05:01:05,1.7427,98.7792,86.16,63,97,5.7
484,Brockville,CA,2021-10-12 05:00:30,44.5834,-75.6826,64.15,84,96,1.99
485,Afzalpur,IN,2021-10-12 05:01:06,17.2,76.35,83.48,45,72,7.0
486,Batken,KG,2021-10-12 05:01:06,39.8333,71.0,41.41,36,0,5.28
487,Kavaratti,IN,2021-10-12 04:57:30,10.5669,72.642,81.91,81,100,17.92
488,Roma,US,2021-10-12 05:01:06,43.2128,-75.4557,63.95,93,1,4.61
489,Sovetskiy,RU,2021-10-12 05:01:07,61.3614,63.5842,33.48,85,100,2.53
490,Togur,RU,2021-10-12 05:01:07,58.3631,82.8265,33.26,50,30,3.96
491,Leh,IN,2021-10-12 05:01:07,34.1667,77.5833,43.54,31,3,4.18
492,Makakilo City,US,2021-10-12 04:56:54,21.3469,-158.0858,77.32,79,90,5.75
493,Ponta Delgada,PT,2021-10-12 05:01:08,37.7333,-25.6667,72.32,94,75,9.22
494,Ca Mau,VN,2021-10-12 04:57:18,9.1769,105.15,78.24,92,100,4.59
495,Ereymentau,KZ,2021-10-12 05:01:08,51.6199,73.1033,34.57,58,92,15.23
496,Bocaiuva,BR,2021-10-12 04:59:06,-17.1078,-43.815,69.51,94,58,7.27
497,Codrington,AU,2021-10-12 05:01:09,-38.2667,141.9667,63.97,51,90,8.9
498,Kanye,BW,2021-10-12 05:01:09,-24.9667,25.3327,57.09,47,0,7.49
499,Itapuranga,BR,2021-10-12 05:01:09,-15.5622,-49.9486,71.49,74,81,0.51
500,Salinopolis,BR,2021-10-12 05:01:10,-0.6136,-47.3561,79.95,78,3,12.53
501,Balkanabat,TM,2021-10-12 05:01:10,39.5108,54.3671,63.45,16,0,16.06
502,Touros,BR,2021-10-12 05:01:10,-5.1989,-35.4608,76.91,84,94,10.13
503,Khorramabad,IR,2021-10-12 05:01:11,33.4878,48.3558,64.02,22,0,0.0
504,Calabozo,VE,2021-10-12 05:01:11,8.9242,-67.4293,75.25,92,96,2.42
505,Nouakchott,MR,2021-10-12 05:00:14,18.0858,-15.9785,71.53,75,100,13.15
506,Puerto Del Rosario,ES,2021-10-12 05:01:11,28.5004,-13.8627,67.75,73,42,6.91
507,Ibipora,BR,2021-10-12 05:01:12,-23.2692,-51.0481,64.2,85,100,4.32
508,Sawakin,SD,2021-10-12 05:01:12,19.1059,37.3321,86.09,60,92,3.13
509,Jalingo,NG,2021-10-12 05:01:12,8.8833,11.3667,74.07,88,78,2.82
510,Saint-Joseph,RE,2021-10-12 05:01:12,-21.3667,55.6167,72.1,86,66,6.42
511,Gabrovo,BG,2021-10-12 05:01:13,42.8747,25.3342,49.69,97,100,5.03
512,Kumluca,TR,2021-10-12 05:01:13,36.3703,30.2869,75.36,39,0,5.41
513,Mahon,ES,2021-10-12 04:59:27,39.8885,4.2658,57.76,72,0,5.75
514,Buraydah,SA,2021-10-12 05:00:23,26.326,43.975,81.9,14,0,5.68
515,Tamandare,BR,2021-10-12 05:01:14,-8.7597,-35.1047,75.87,85,22,6.73
516,Poso,ID,2021-10-12 05:01:14,-1.3959,120.7524,86.23,73,60,6.22
517,Usilampatti,IN,2021-10-12 05:01:14,9.9667,77.8,86.95,84,100,6.67
518,Ughelli,NG,2021-10-12 05:01:15,5.4899,6.0074,76.3,93,89,2.57
519,Sirsi,IN,2021-10-12 04:56:28,14.6167,74.85,79.03,78,74,1.9
520,Aguimes,ES,2021-10-12 05:01:15,27.9054,-15.4461,66.83,61,20,9.22
521,Broken Hill,AU,2021-10-12 05:01:16,-31.95,141.4333,67.55,20,87,5.82
522,Songea,TZ,2021-10-12 05:01:16,-10.6833,35.65,69.67,53,57,5.59
523,Dali,CN,2021-10-12 05:01:16,25.7,100.1833,67.62,74,92,3.4
524,Wanaka,NZ,2021-10-12 05:00:21,-44.7,169.15,48.11,45,51,7.0
525,Ribeira Brava,PT,2021-10-12 05:01:17,32.65,-17.0667,70.43,69,25,3.04
526,Dzhebariki-Khaya,RU,2021-10-12 05:01:17,62.2167,135.8,31.78,95,93,8.63
527,Praia,CV,2021-10-12 05:01:17,14.9215,-23.5087,77.54,73,75,13.8
528,Lokosovo,RU,2021-10-12 05:01:18,61.1333,74.8167,32.59,60,91,8.37
529,Arinos,BR,2021-10-12 05:01:18,-15.9169,-46.1056,72.9,81,55,1.34
530,Ola,RU,2021-10-12 05:01:18,59.5833,151.2833,35.17,64,100,3.71
531,Jacksonville Beach,US,2021-10-12 05:01:19,30.2947,-81.3931,77.02,89,48,7.38
532,Rassvet,RU,2021-10-12 05:01:19,46.8333,40.75,48.61,100,100,1.79
533,Newton,US,2021-10-12 04:57:18,42.337,-71.2092,59.72,95,90,1.01
534,Mangrol,IN,2021-10-12 05:01:19,21.1167,70.1167,86.31,67,8,7.49
535,Sola,VU,2021-10-12 05:01:18,-13.8833,167.55,80.49,77,27,13.58
536,Goderich,CA,2021-10-12 05:00:52,43.7501,-81.7165,67.91,78,95,18.63
537,Marsa Matruh,EG,2021-10-12 05:01:20,31.3525,27.2453,72.72,70,0,3.18
538,Guantanamo,CU,2021-10-12 05:01:20,20.1444,-75.2092,72.72,91,3,4.25
539,Kurtamysh,RU,2021-10-12 05:01:20,54.9103,64.4319,47.17,71,96,11.5
540,Plettenberg Bay,ZA,2021-10-12 05:00:15,-34.0527,23.3716,61.75,62,41,5.28
541,Muros,ES,2021-10-12 05:01:21,42.7762,-9.0603,63.23,83,2,6.91
542,Chicla,PE,2021-10-12 05:01:21,-11.705,-76.2686,44.91,74,1,6.8
543,Vostok,RU,2021-10-12 05:01:22,46.4856,135.8833,52.47,37,0,3.42
544,Saint-Pierre,RE,2021-10-12 05:01:22,-21.3393,55.4781,73.18,95,90,3.44
545,Alekseyevka,RU,2021-10-12 05:01:22,50.6309,38.6903,46.85,50,69,7.25
546,Alta Floresta,BR,2021-10-12 05:01:23,-9.8756,-56.0861,71.56,98,100,2.89
547,Vadinsk,RU,2021-10-12 05:01:23,53.6916,43.0574,43.92,58,88,6.6
548,Los Llanos De Aridane,ES,2021-10-12 05:01:23,28.6585,-17.9182,65.95,82,0,4.61
549,Amuntai,ID,2021-10-12 05:01:24,-2.4177,115.2494,95.14,40,75,2.77
550,Yatou,CN,2021-10-12 05:01:24,37.15,122.3833,67.96,57,48,10.31
551,Sancti Spiritus,CU,2021-10-12 04:56:28,21.9297,-79.4425,71.55,91,49,1.45
552,Clyde River,CA,2021-10-12 05:01:24,70.4692,-68.5914,32.32,80,31,8.08
553,Eisenerz,AT,2021-10-12 05:01:25,47.5333,14.8833,40.96,98,99,4.32
554,Bandarbeyla,SO,2021-10-12 05:01:25,9.4942,50.8122,84.15,64,98,20.22
555,Santa Helena De Goias,BR,2021-10-12 05:00:38,-17.8136,-50.5969,72.27,87,11,4.32
556,Ippy,CF,2021-10-12 05:01:26,6.2679,21.2247,69.44,98,100,3.71
557,Concepcion,CL,2021-10-12 04:57:45,-36.827,-73.0498,51.6,87,0,5.75
558,Aleksandrovsk-Sakhalinskiy,RU,2021-10-12 05:01:26,50.8975,142.1561,50.2,51,4,9.78
559,Seymchan,RU,2021-10-12 05:01:27,62.8833,152.4333,25.23,49,100,4.83
560,Bayan,CN,2021-10-12 05:01:27,46.0833,127.4,61.84,37,0,5.39
561,Mednogorskiy,RU,2021-10-12 05:01:27,43.9178,41.1825,56.19,60,38,4.16
562,Morehead,US,2021-10-12 05:01:28,37.2711,-87.1764,70.14,93,1,3.44
563,Puerto Escondido,MX,2021-10-12 04:58:30,15.85,-97.0667,80.6,86,3,6.15
564,Banamba,ML,2021-10-12 05:01:28,13.55,-7.45,76.3,71,52,5.41
565,Nakasongola,UG,2021-10-12 05:01:28,1.3089,32.4564,67.73,89,100,2.26
566,Fuxin,CN,2021-10-12 05:01:29,42.0156,121.6589,64.42,29,0,2.93
567,Loikaw,MM,2021-10-12 05:01:29,19.6742,97.2094,72.36,90,100,2.68
568,Bani,DO,2021-10-12 05:01:29,18.2833,-70.3333,75.85,86,94,4.85
569,Clearwater,US,2021-10-12 05:01:15,27.9659,-82.8001,77.92,86,1,4.0
570,Ulaangom,MN,2021-10-12 04:57:13,49.9811,92.0667,49.14,31,69,2.01
571,Baykit,RU,2021-10-12 04:55:54,61.67,96.37,28.83,55,55,6.31
572,Cairns,AU,2021-10-12 05:00:10,-16.9167,145.7667,96.94,63,98,8.05
573,Lakatoro,VU,2021-10-12 05:01:30,-16.0999,167.4164,80.69,79,17,15.99
574,Ostersund,SE,2021-10-12 05:01:30,63.1792,14.6357,41.45,87,90,17.27
575,Archidona,ES,2021-10-12 05:01:31,37.0965,-4.3887,61.66,90,99,5.44
576,Yelets,RU,2021-10-12 05:01:31,52.6237,38.5017,41.41,68,89,6.2
